0.008843970442521266,0.005643625248058971,0.020793900293832025,0.166742573733141136,0.558947866802204318,11.894488487340360905,700.077534595304427967,998.203062536794959669,966.779405578453179260,501.124023280295318727,783.433604524826591842,773.355179470138978104,910.240371805988274900,774.739488801997367773,740.587346450484574234,794.874473762555453504,561.608659238534301039,415.523602911855505226,542.638251667881831963,610.403032908072304963,557.483373785357002816,644.318005745630671299,413.191579123216342850,685.504254544578202513,906.077173997278009665,866.236606288014399979,996.797415539645498939,965.527855346413161897,707.590738408145512039,889.125327781011037587,434.806632414718308155,745.609706722888518016,595.044228954180312030,459.625728766784163781,896.899974066862341715,658.708563743847093974,400.000000000000000000,888.974875055421421166,665.432156286676217860,600.465651303005643058,411.755106064859717208,958.200009039547921930,655.310832640507669566,598.569282644740269461,709.816306012303812167,903.184497824689742629,433.178548827638678631,678.773819267823228074,775.155034236220330968,778.094292304818281991,583.656385215641762443,654.181072179927809884,711.155066137868971055,400.630698301376639847,535.283158890538629748,723.659855180146905695,743.781012576388889102,788.869283085768756791,761.200591261246586328,834.621169917392194293,406.011403420899284811,0.173281360737065904,0.949064967165211493
0.002889134094558922,0.000190611584927183,0.003343724687938553,0.228257208917460652,0.711063901346156380,9.117280815344303235,671.471430275341731431,1000.000000000000000000,982.626393242586686938,441.715056633994663571,787.643937551361887017,923.400753878971272570,928.403395895113362712,909.116765436303694514,638.973410390693288718,780.006795012440534265,537.998548622563930621,423.844629207891557598,462.552768714669753081,474.464153230903036729,538.959782318077486707,813.779096623009991163,400.553400118539798314,634.688334510579124981,855.433052566717265108,957.015589726950565819,1000.000000000000000000,925.367071316287820082,726.721360735895018479,984.695046011104523132,426.561973113762405774,894.926628376947860488,570.146756859557626740,439.110635396217730886,938.849711405881862447,651.911066551902081301,400.000000000000000000,970.891853521942380212,622.331570089325509798,465.824432848093920256,402.891728559273360588,992.555098731087241504,680.397185741632029021,618.271571266267301326,912.462719495102874134,800.793671902566302379,478.184816130611011431,495.054057627085626336,912.815372375688411921,749.467723097436078206,570.840497839451813888,670.595272234170693082,677.964869425161964500,400.000000000000000000,446.199069071491010163,697.845001809309337659,734.033544525821753268,923.186869653174085215,790.296377042485801212,896.119287583874665870,405.672584629903553832,0.297661233167966000,0.718737119465487240
0.003541773461490862,0.001111975692719393,0.011386053729828269,0.212694085515753917,0.616487823043354255,10.894510606804864494,661.853330869274145698,997.483070528577968616,983.590356215984343180,487.876083395917419239,775.553094543981046627,836.916051008116141929,928.530652499548637024,790.987319028576848723,714.957770708354019007,780.303447083760261194,549.665715904654575752,404.213889941730087685,558.517595540191450709,562.623852292367928385,579.178801060739942841,689.247581344501554668,409.102806435839227106,675.472904823105750438,916.536735594905621838,883.508779574544746538,995.017770960123471014,967.034438705458001095,699.759674469007450170,926.848131471966212303,430.491068965542751812,753.552166898361974745,567.136959750292703575,428.402916289702318409,917.903423546491694651,676.848553929825698106,400.639245910972192632,952.597636742100121410,657.815570196996418417,535.181599080683326974,406.753305032280763953,987.627234565809999367,706.766650817721256317,587.840796790620629508,796.511653603449531147,855.540248309937283011,431.128690540025331757,614.813967274256015116,814.473837084637580119,800.398970170068423613,560.310506310361006399,642.274076670520912558,691.221177117668617029,401.920181624777740126,487.549358136030775768,714.224650966803665142,695.303488666582325095,819.164234107963807219,799.654609617457026616,885.083983577777303253,406.041950865276476179,0.201984408221119738,0.853228833223535377
0.007937602189149944,0.001540353450290257,0.014512899023358915,0.184274244029437456,0.639840730773958977,10.415733266605087692,723.923809846536073564,997.178714025220983785,980.998362855617642708,529.434814233624592816,875.068942401134336251,768.566133176402217941,909.141730034966599305,702.318996680011878198,668.843010002578125750,806.479063654759215751,585.679723008514201865,421.011164831005032738,548.848225617820276057,613.331197312783274356,584.239940650465996441,624.511874917177465250,409.004686117424739678,703.587815335472100742,920.601514126620259049,986.980547045396292560,998.512733929104001618,964.722451338594851222,629.213434807978501340,948.886612999601879892,414.432114193233132937,759.265597236582152618,615.011133144462974087,465.519094758626579278,888.351585707934418679,768.938420204442877548,400.542660955235646725,888.988862212691174136,601.687866015759141192,619.139141485857066982,413.865384369448577218,979.061871873828636126,663.031824523534282889,652.446464442275328111,762.886012343911602329,858.169077616226331884,475.225765617619458681,762.691720741632025238,786.831882084803737598,789.156660883906965864,482.036438084379597058,599.153128484140324872,591.205214760679155006,400.000000000000000000,524.119434718666411754,683.909822438968831193,678.708660722172226087,779.490743727553194731,684.497856865581979946,902.776730059996339151,410.149632438684875524,0.178596739900779622,0.905596773646486275
0.004502365253742700,0.001328351634838582,0.013988767238934158,0.218233705465023353,0.603506995922506562,11.655958144394340081,592.490155535074109139,997.122417892238331660,986.352081751002970122,453.804552650144046311,698.613857399966605044,887.085066633775795708,939.871590338339615300,831.164823464233222694,734.747983908002765929,762.912814298351008802,497.814607397423515067,400.000000000000000000,549.055407732534035858,519.295110289781632673,549.866576346313991053,729.704303388093990179,413.051963835612014009,646.028259487139166595,898.298718356323661283,835.535054588842626799,991.687879198264795377,959.127432230001772950,775.889269910137159059,903.079161550219509991,432.908666243869447499,766.858314896738647803,511.219350894016372422,425.529519605420716744,950.552791570589988623,591.339591601738106874,401.133143796358751842,962.458713738666574500,673.395454638304272521,494.596543331187319836,414.629106725906808606,987.084350246363669612,729.912615859938000540,556.153064202014434159,807.032579396548385375,871.950670579443908537,414.534533870943334932,545.261725614844635857,811.799836612929652802,780.334207713366936332,601.923895771475258698,667.297279374483196079,752.134703039122996415,403.034219542458913565,459.543330982874010715,752.051750927080547626,729.266734898131062437,829.892197040217183712,880.793962248944012572,906.436388414933503554,411.881047481990890446,0.190290574060949735,0.887736031742524800
0.005972233574208849,0.001339926226305497,0.011794330336400653,0.145574655180782664,0.596333581036239235,10.283324932707223809,706.960649443603188047,999.079837209399329367,994.135154677428090508,518.127980299207820281,870.224497389401676628,753.376437056710528850,908.799481417948072703,687.666038371520016881,681.098294423862739677,805.625685363781713022,582.619263456499766107,410.734941589585218935,547.617863689774367231,627.064811371363362014,575.781190827149316647,618.428111202459945162,406.739182159816948570,691.759936741106798763,941.926705686168702414,934.960086698297573093,996.989952568061312377,973.423716183070382613,618.130117774174664191,921.256314834370868994,401.748527356568786217,743.578112490206763141,595.128532238242883068,447.589154028771645244,914.084035680157171555,766.767461108171914930,400.118481789012435001,891.552555699878780615,616.704366262718735925,624.850318969081399700,411.060162862995696287,985.849810033996618586,676.999011863146733958,629.228807618365749477,737.424051302929910889,863.775660232454356446,445.769626295422256135,799.817491571380742243,801.600708294191576897,816.403065588741696956,506.975609308304569822,590.396252653904866747,605.049323934356721111,400.924200494026308661,506.747392002358992613,696.335340359613610417,695.304976608666379434,772.074121307024029193,705.869299289295554445,920.927197305475260691,410.232189953652380154,0.185683912119064543,0.866141831355960901
0.006121005908834519,0.001760575322854361,0.014660857324277566,0.183899094476077107,0.569253484252140729,11.437889470496466870,669.319690299796889121,998.313121413438011587,985.398229434365021007,497.050504354890051673,781.631009683523757303,789.921228710122818484,917.616014282009587077,738.005530854077846925,733.733947140648524510,794.962191521131217087,550.240158061571378312,400.000000000000000000,560.871183786503138435,605.354256548924468007,565.587301821210758135,649.476519867259980856,415.745010145828871373,681.296194571142450513,941.586196787520407270,851.560412344932387896,992.348116852198359084,982.337026440454906151,687.827158015176678418,893.683724444273025256,426.457334269637840407,728.263090425108885029,575.108866539821633523,436.161732337079229183,919.334940248645807515,683.711308245811210327,400.691591347080589003,909.951117281026654382,665.057305825261437349,580.307971034077127115,412.226976114079377567,981.109311704097535767,695.911114134793592712,583.961148988794661818,732.747503463855991868,889.328169956175884181,418.174188012037802764,706.616294372427887538,784.720683374547888889,806.807525759584564184,556.458345677286160935,635.226220150838571499,698.256312321109476215,402.031926417231773030,502.902857308743307385,719.701891662558296048,716.129286140643785075,784.040046830633627906,778.568977356364712250,886.234700079967751662,410.796365759952550434,0.179305457122608036,0.903279124042425829
0.000000000000000000,0.000000000000000000,0.000000000000000000,0.235378923138195528,0.713625551716243312,8.941911735517994231,726.708948778032436167,1000.000000000000000000,977.092415726947137955,471.011596005811327359,828.254099125958987315,884.731106290679576887,932.567698670511390446,883.137053000927039648,648.842061052204144289,785.340363598054295835,568.581560847885725707,430.787364338361612681,483.961459406382118686,517.053918556220764913,568.140056522234431213,758.522276845125929867,400.554000964968338394,665.230767279542874348,885.171387283135118196,971.262245125828485470,1000.000000000000000000,928.005259980222035665,670.760693424255350692,998.937238114801743905,448.763794529319682169,846.759744858307954019,615.133578154828114748,437.150409867786720497,915.389837740620009754,708.580044423659273889,400.012152829797003051,1000.000000000000000000,633.391476246755701141,486.088815170823068001,400.000000000000000000,1000.000000000000000000,681.354647198375005246,635.799813668461297311,893.788192977625499225,787.461470311261336974,468.886356510902942318,514.784939792249815582,898.374610122935109757,779.359719150873957005,547.724717845370605573,660.330155380387850528,638.480451823109547149,402.920900861397342396,450.277882247393108628,667.204371315523076191,698.675648257299485522,908.234210153050867120,755.698361997317647365,865.054329846134237414,400.000000000000000000,1.000000000000000000,1.000000000000000000
0.010684029161910198,0.002826054427549472,0.022421710151060925,0.172968969883260548,0.549357930045415666,12.254626304213093846,636.844377135585546057,1000.000000000000000000,968.967819244741576767,441.183662475035703210,707.515957794640371503,841.024119651449609592,913.920913164294802300,835.253073666088312166,749.325736132941528922,788.786398776563487445,507.071728373113899124,400.000000000000000000,488.471560498210408241,564.622573555602912165,503.833461618139722304,728.818774061630392680,418.043013538857223921,643.946837686020103320,897.925381758929347598,829.870433615317892873,997.206012609365416210,965.102975921369420576,778.498308172239262603,858.353785095843704767,419.346727256325550570,802.832011578989295231,541.487038445261077868,441.127736155935849638,939.769475108683536746,576.520016127231997416,400.395536630264643918,898.081009171495793453,681.779802499718925901,516.480729436693422940,415.433693666838735226,973.438121208910388305,674.449610902011158942,564.362109038073185729,732.693371159647199420,930.900746079133341482,422.662377279916142925,572.767586380196803475,799.320951223262909480,753.282119798328153593,618.110704058266037464,679.790279141465248358,784.050678490858103942,400.226890308805081986,469.545857495612608545,755.705083283969770491,796.452110459609912141,818.574351064479401430,842.759775950474477213,862.636438715178769598,414.549002756355207566,0.172572643515237378,0.946433511749710465
0.000000000000000000,0.000000000000000000,0.000056752438648546,0.221301592207380049,0.737265021962667966,8.329114966230884320,653.755994789418878099,1000.000000000000000000,985.791359505906143568,401.760846969863678169,763.636390945861307955,989.903462756633416575,931.508503736530769856,997.344681670082991332,611.652365909775085129,771.590627352346018597,511.029644897995808606,431.464609511015964927,400.000000000000000000,416.062082887432779899,503.680037856031162846,884.274130745595016379,400.000000000000000000,596.584974219432751852,838.678743356588370261,956.337834298589200444,1000.000000000000000000,904.415485311119937251,750.385685395995778890,996.997845422483806033,435.387166975321008522,971.399025095246543060,552.458563171128503200,435.038097678206952423,972.394760929550784567,609.237802806099580266,400.000000000000000000,1000.000000000000000000,623.806371295612279937,400.000000000000000000,400.255524993920118959,1000.000000000000000000,684.801967753478720624,615.039974034797182867,983.567603820450585772,775.784645240862573701,479.802335889425989990,400.000000000000000000,983.569615080037351618,729.646706067242803329,602.083823459248947074,696.231679809841693896,698.143553958497705025,400.972459466396969674,400.000000000000000000,699.046321916324586709,775.405900030168368176,989.539507763160713694,821.396524561844216805,914.689611523500161638,403.589114790625956175,1.000000000000000000,1.000000000000000000
0.004791931554060498,0.001476269081491909,0.010297923194721831,0.198155421198941556,0.628249791411971792,10.236026311960522150,677.910141385321935559,996.945299151891845213,980.120339577209165327,460.865045806875116341,779.979776697671013608,852.855225048473585048,916.172076539561317077,833.545313452753816819,688.354873931536531018,788.612970301956806907,544.275331838287456776,411.055900022733624155,496.669637363266701868,543.714447899948027043,544.175378022420318302,736.080739808574776362,409.550098867616895859,652.675949445730111620,898.780369526095910260,893.968418190494276132,996.255289200181096021,951.235053084154401404,707.756262312815579207,923.054333587374344461,426.132848792439460794,819.870494910643969888,574.958811692383619629,440.262403399968036410,931.824114124267794068,659.544329702728646225,400.656683696790196336,937.271956099685098707,650.261802123229017525,513.571811251806366272,408.282025117410796611,986.211908730926211319,684.834631140379315184,597.999260698134662562,817.704007282659972589,849.421760723141460403,447.170438132832202882,585.891482547436339701,856.550635000461397794,778.261983729819235123,579.398758933415251704,655.885357578659295541,698.297381566703279532,402.025939774120558923,467.213603614189878499,711.910527222991504459,740.299018167791018641,855.437480715376409535,784.377787608269841257,886.870906147025038990,409.088096602329812868,0.193479801559177877,0.867952764622860973
0.002509569498168066,0.000632928079037583,0.005952050028263825,0.211096489793556941,0.711038468042090366,9.004167757269494032,728.326549154101712702,997.939013210842290391,981.806114877508434802,503.342915412612910586,876.933293413682577011,842.073033506440992824,923.781172263505368392,804.521743038401723425,630.768897459754612100,797.932340520212846968,585.574767807622379223,430.870484522118772475,509.807888520375627195,542.848014512872396153,579.918133096806286630,713.940576386970519707,401.867199738461977176,683.007095974956314421,885.842177559515903340,981.257513209957892286,998.517766331700499904,945.121297698192620373,644.297300041115818203,979.492127273390678965,419.233035359714733659,826.258343709169480462,613.625559185893393987,449.218036611993113638,909.232676091752637149,754.404540452682454088,400.088668186064239762,947.537750398525076889,597.448302155415262860,547.134539266033812055,404.392854297426765697,994.453824770645724129,665.870484661624800538,655.014089885938005864,866.351417865966936915,794.567056815908358658,486.932366441392673551,634.471863631118139892,865.793923220189185486,779.264914523133029434,500.688940793289134490,623.773432332466995831,589.919861846100843650,400.761224093235512100,486.278061761737376401,667.269864332057636602,676.744211032185944532,865.271059909591599535,708.533578201756654380,894.108625707254418558,403.166960480828777236,0.234585400425230350,0.751018195423274526
0.004629887674793604,0.001191350034715611,0.010123052218497134,0.179922027090575559,0.594239687857611498,10.818761234849143094,693.893923080968193062,998.686752822238759109,985.729252457502866491,498.084130507445649982,811.138113622938703884,798.272312894189099097,920.791252047455941465,760.702655998647287561,711.610862289803662861,796.752655980563758931,562.906147504715818286,407.183407218114211901,542.024422041546472428,596.587563420796868741,566.981345782486414464,659.318365327661695119,409.615757236115484829,681.906159013108549516,934.977817860919117265,892.429646000621119128,994.264471045760274137,975.368300761249770403,669.408866120980292180,914.678668863983716619,420.372650122571940301,749.327519144816619701,587.340731073992287747,437.599632874259441451,920.270673077499850478,706.517489782237817053,400.317174257197791576,925.201084274205186375,651.088550104128216844,569.488423792323942507,407.791510775256369925,989.586641875841337423,687.886887434436061994,602.867432287811084279,761.905173225704629658,868.768793491605947565,427.934127698661711747,690.533720471662149976,810.807525660267401690,810.414500903066027604,549.869780902324919225,629.496130701271113139,669.403664567453347445,402.700456918939039497,492.691113264077216627,708.187723191581426363,708.955037599183697239,808.484265502938342252,762.733836831184589755,885.601599051667221829,406.471403549205888339,0.194542877391920666,0.857330256326274132
0.005389164292566642,0.001294144785949657,0.013580059080229571,0.168883739792927479,0.601811616298046470,10.676927019611092362,658.776172751272383721,998.823836655318700650,985.055860682648130933,470.193741689231899272,779.377715525857297507,839.640015850466625125,919.716960469366540565,811.491955838263038459,698.743179910924936848,789.737464976808837491,535.299432067362772614,404.938459622811024019,499.824661637538440573,554.640700666820066544,533.630535437318258118,715.901576497093628859,406.948991044579258869,653.761667297017993405,908.877492872275979607,879.661523420735193213,993.816385566599706181,964.785491073250909722,710.203603030775298066,910.123907693860587642,418.433167819165134915,806.535332115818505372,558.584991570070769740,435.903465859330992771,942.627789537172930068,657.355787084956546096,400.403165841645375167,926.688870158317740788,645.871786145327178019,533.925297383179668032,411.396709114519183004,987.960741614935841426,685.553096098066703235,593.740866077185160066,790.853100201763140831,870.815297429770339477,432.545256367689717081,629.991636025061666260,843.697029201612963334,781.640226681226295113,573.181824978806162108,644.969442290331016920,696.431757538557235421,402.605794012453998221,466.470686240303166414,724.241076587737893533,749.088559722792524553,839.577823639633948005,793.819999293883142855,902.329950897534104115,410.152634431849151042,0.189227498228206947,0.874892378814897453
0.003793959708119420,0.000900195939485136,0.007529203875595474,0.175501294305946798,0.653220476155708329,9.425359508039713674,719.130671209474371608,999.004739888681797311,983.044404274315525072,486.134879726092492547,847.388561184877744381,830.676086401990914965,912.681121411848607750,812.537597913499780589,655.080110519805543845,801.253695263319400510,569.014519314039716846,420.880617945257938572,484.425691912373508785,558.074145982654158615,547.803808001079346468,716.384156284969435546,408.422434379682954386,664.763836316374067792,905.393803510263410317,946.824733436626956973,997.180674844104146359,954.256237866139713333,656.252292352788003882,948.029381095308735894,414.588121274003697181,836.003688803780050876,606.945193423446312408,443.990083445748439317,925.662403066683737052,721.071612565422356056,400.322254198800692393,931.593493589739978233,619.546747699729962733,545.554427176034550939,405.163983286455106736,988.344352826552608349,662.345844895843129052,634.230973117195503619,827.116166327779410494,832.102360783473613992,464.766140800111145381,652.324997547330895031,874.265244322200601346,784.878020218267806740,541.755923920792270110,634.839919652014941676,633.528124541266947745,401.171644009832391475,476.331970546927493615,685.133168455338818603,726.263036879166861581,863.159286815002815274,726.109983007581149650,893.249869168373152206,405.029110729786452794,0.218993621545003569,0.801174315687613436
0.005842429945654321,0.001006409808158831,0.012717865793945437,0.185111209912592944,0.658507492055574573,10.211808495486330628,654.031361225852720054,999.933658096934664172,981.520772479976926661,465.248386701540425747,790.450410730623843847,881.174768726333923041,924.915558372028044687,844.711745867977469970,664.457826807583955997,784.225541442558323979,528.318582053833551981,416.196866783744439999,477.496826461523369289,515.593324520429632685,531.500874297342306818,743.992955624021533367,403.139929627240064747,647.970601790914884077,883.169375022927169994,942.953587170722130395,999.242527028523227273,944.717408284970474597,716.628616544961687396,949.321080160563269601,415.670734037992019694,846.033314534663759332,552.424935902170432200,443.317828436739432618,944.284760662361577488,656.814586974504550199,400.029089511899314857,939.708498864466605482,621.067117855264655191,509.609500279331825823,413.237198189300102058,990.549741699097808123,685.279913412752875956,614.084268976502926307,848.365476291903178208,845.947898257864267180,464.886208957145015574,571.561323236323346464,860.833304736006539315,757.968799990699494629,551.405329939885632484,643.392216441051118636,669.688375267732340035,400.548857875419628272,452.397026376480312138,714.550223579568864807,738.640715394548806216,864.353677551167720594,795.602613825009711945,916.687748882531082018,407.297522443873049269,0.188873139617292685,0.871042622448358728
0.005152755851922346,0.001200485484908240,0.011479245855418730,0.146866227563762552,0.570787551535030468,10.774107996925252451,712.748081418832725831,999.251643125983264326,993.329008180182427168,534.687472989526554557,864.983097988692065883,729.695253837935638330,913.977908802567071689,673.779095903740994800,707.456604103170775488,806.063769360334276826,591.509335664402101429,405.594540908693659276,570.629880289571019603,651.062703329608439162,591.860028805996421397,589.921743951326106981,402.239475659977927080,706.480834751982001762,958.965608842632036612,910.310157496235206054,995.329890816019769773,992.622510253197674501,614.631776870032354054,913.613452375351243973,405.627357847984342243,701.884722717409886172,600.839037301476651010,443.695673871566327762,904.236697225159787195,772.186902015583541470,400.267744199094636315,896.820791150301033667,630.500803946875862493,639.013598478581911877,409.275594077525965986,987.477550568632636896,680.683205789245448614,618.518142163864240501,706.679502785096701700,877.447794721043237587,426.306110991483592443,816.464439006013208200,779.535490376821485370,832.303283512035477543,510.247361506071058557,587.029247298706991387,615.807958309798095797,402.583493221179423927,521.671120706345277540,699.952693462967999949,682.771298539939834882,754.741254705763708444,709.585868068143554410,903.828640181783384833,407.505394201304056878,0.187810063784550008,0.856507924213135374
0.006257278371298774,0.000871088893135177,0.013288766667993935,0.180327571731681707,0.642778395648182732,10.288900909244921067,665.966607544464977764,1000.000000000000000000,988.447868830748575419,471.474506724414368364,803.852375393634702050,856.552345342891385371,920.767797292012005528,800.996514697051907206,667.384851852597762445,789.472405862520759001,537.001956880878879019,416.647206184290439523,497.770907611356221878,537.772949262303541218,540.596550810580993129,711.540356238871822825,400.660721985150473756,656.769914285040613322,898.770082091918652623,948.677724552436302474,999.235816090884554797,950.686938086063491937,696.172236072132363915,944.056747124397702464,406.861504492198434946,823.512989985340823296,562.562914375271134304,450.586737129179027761,938.995992761591423914,678.635284925506994114,400.215450556737152965,924.645902456220483145,620.538899309700923368,532.617423986884659826,411.367855254214589422,989.753813572435205970,686.786905629164493803,618.744390693006721449,829.707277072939291429,848.421037026697945294,456.407616498597747068,621.199335015147198646,846.499829380020855751,769.757863347142460952,538.982709750074604926,634.840182919915264392,657.994570381266726145,400.105233019331876676,466.975386944396063882,711.600047486433368249,730.058066801210543417,842.538786030563869645,773.066984976787466621,924.153423686263067793,409.964993199899197407,0.188164422395464159,0.873345856415405186
0.004121854078691634,0.000736306807439697,0.006407867953664279,0.205479452784089966,0.666943025352521923,9.363485161140298274,692.402556215891422653,999.188542163862052803,986.471089432494068205,456.986880429345092125,801.326620787052092965,869.842140038958973491,914.245303429722184774,845.963567908918207650,651.475861485820928465,797.287815333578919308,547.976218795715453780,421.496432969692648385,472.977719320703727135,523.780979763073219146,540.237271075430498968,757.878367863364246659,413.299203395182018994,646.197305875760434901,888.081582442153717238,923.402434783335820612,997.131642116338980486,937.525888590251952337,696.886874131186573322,941.983277102301485684,438.782357194201438233,862.418254634674212866,590.116331427723821434,448.158021638584216362,937.301711041240650957,672.445845673569920109,400.008883015549770334,940.278169248223775867,630.925869791841364531,509.977962625750876668,405.465309896000690060,991.345790259891373353,676.670169480837330411,614.143393372548871412,854.972615929366043019,816.684887225568331814,465.826269944813191159,580.700076496142514770,883.296758421688650742,763.475849964073518095,555.755944741322878144,660.521301550153680182,676.310524108860022352,400.040490174739545637,461.490163305494036194,688.303707855697552986,746.603626145315161011,878.386052834962697489,753.682956689158800145,896.558723212176687412,406.259036245577135560,0.221119773210489035,0.808539454806312730
0.005998912130360247,0.000745922455061216,0.014984741780630221,0.182726907371902753,0.625523364105091573,10.769264160310518363,655.098373407866347407,999.854633551775691558,988.548185311351062410,476.853331794199164051,795.218113131365839763,850.650654273789427862,928.593243475342319471,795.973788394039388550,686.254933648426799664,788.134258780751110862,536.711557879592646714,414.148707244121794702,519.110028237816777619,548.940986754996970376,544.908344024427833574,699.972083550610250313,400.000000000000000000,662.215112502436340947,905.026360033804735394,936.990646064792031211,1000.000000000000000000,963.053354497514874311,705.420358985180200762,933.310512746633889947,407.619201122390791170,796.706585440535945963,557.125475199387892644,440.140397849658597806,940.697749665754940906,672.015603137335233441,400.724824530835121550,935.890486127496842528,627.051655306235602438,526.993147890619866303,415.245627470819499649,988.276392756406153239,688.990397521041018081,607.942937228482264800,809.162565694153613549,862.929027529832410437,444.951731798788159722,610.570886363176668965,826.727844761410551655,777.465385463404345501,543.316182383038722037,633.741282381939186052,671.869426556981579779,400.221976750294118119,469.293297211354513365,721.388018858976124648,723.926915205431441791,828.871674734875909962,790.679370573782080101,916.595400622028932958,409.581237573477153546,0.190290574060949735,0.876748486598032395
0.006763590348235557,0.001102583343568242,0.010809381368130151,0.162168614758642249,0.588202782745251840,11.030940063161029485,702.743464170792890400,999.691885532396668168,985.405252266706042974,511.462283764846233680,839.392098103302714662,771.896009958986041966,912.596624371085908933,711.284787419349413540,701.835645930718783347,801.341126511671632215,567.459499405965857477,407.642896611583182676,542.291378547159069967,619.135790879077148929,566.487695811693811265,620.577685466093043942,401.712006214180917141,692.813824121098491560,942.115996667428134970,930.448704170815290126,999.849284632200237866,976.064209611220007901,646.118323274284307445,918.804126461969531192,407.443057430454018686,742.198390549719874798,591.703445959076589133,456.278860584429935443,909.403509576506053236,735.060873045431776518,400.087240762408555383,898.867627006551401792,630.237636725453853614,601.723470059188457526,411.861794984397079133,988.332586635658685736,679.354221409740830495,624.756857754864086019,738.983022727507432137,883.424817026684081611,437.539859015566833023,744.921262321157655606,789.119871958678004376,805.900951379927619200,518.194278648405656895,605.388458437358167430,632.719897965459836087,401.091463816316434077,500.085620592582472455,706.391621138579921535,704.887671495942754518,776.505263636874701660,728.276367653681859338,906.223947432325189766,410.883702172448749934,0.179659815733522299,0.878204873930055863
0.003083838892056920,0.000801909882556370,0.006639671432935174,0.128047760314986547,0.669213593038017529,8.479618239538469382,752.734663428308977018,998.550546433699310001,990.054332521265564537,479.324679804206141398,917.057901431679965754,842.484537552685878836,908.599484790379051447,828.698750964316104728,612.834702526974979264,810.145076386492405618,586.328958089888374161,429.241575936960998661,447.639554455275174405,544.457178519366493674,530.958420217510820294,712.465115265895974517,401.664134243423006865,661.469982251084275049,908.782769294318654829,1000.000000000000000000,999.414889378604016201,956.070665529331677135,607.286041716731915585,976.214101013893241543,403.160227782592983203,885.149511270597713519,622.615412662387484488,440.101887040444182730,949.444215006814715707,771.618555781013810702,401.484597853092679998,933.458058657866104113,586.132831713329665035,523.830647513111330227,400.629855096069377396,989.926648911815505016,641.934020821172794058,669.544022570529705263,872.422176388201023656,814.939135043278270132,475.947128471956261819,638.325071975769560595,930.012499911005079412,794.021863824342972293,522.807292432864528564,610.295747786018637271,572.689806640781625902,400.628520626132512916,460.348809322352451545,672.260764200720814188,727.831930508468644803,902.452770460739657210,687.143575063197658892,918.085835413093604984,401.401690404193232098,0.227143869596031167,0.723463513410782522
0.005380308775053107,0.001912356695396450,0.014101983691922119,0.184079410338599536,0.618563165353476330,10.463662686486411957,661.465485924713107124,1000.000000000000000000,983.714903220595488165,456.732174831700319828,767.035118749290973028,856.236055887325960612,920.502030077054087087,847.194604836848384366,692.773212948807895373,788.304228275024684081,536.196567441121374031,410.802097036973691502,487.255492070909838276,535.653766457375468235,532.616271687952462344,750.798515307061279600,405.070413935622525514,644.575784034668345157,886.896387834882375500,890.709419013014212396,999.632394393294248403,956.367475834565084369,730.448503504374002659,919.825043134970769643,422.776847833624003670,831.373643844313505724,562.543354931007229425,435.486821738608171017,937.821565606596550424,635.147284824242092327,400.000000000000000000,931.206202602172311344,651.767785835523795868,516.477686524940395429,405.619806785644584579,982.668031790572968021,673.579359054678548091,588.714070055437900919,806.142969119803751710,860.803782905728439800,442.538546144568044838,580.072516184151027119,856.040312145559028068,763.722953920587769971,590.216596253572674868,666.515273779270046361,718.635226297491385594,400.501075160816753851,470.169050866707777914,721.746165681616162146,758.010265717066090474,860.180495867342756355,798.946372304906958561,880.411256268754186749,407.751329431146530169,0.188873139617292685,0.890984980800493709
0.003878501143924339,0.000891779334531000,0.007181182174487300,0.184464756907024879,0.599985107441848298,10.586872728735379212,665.869846194797673888,999.506804915883890317,993.825804498846196111,474.168283764451473417,776.111721277662240936,835.164139759071986191,923.142312990599975819,785.196964988565582644,706.093461970965108776,787.591312664877932548,540.022114370667395633,408.330017301340092217,534.359085000822574330,561.084649857076101398,551.387824041020849108,691.169313569193718649,416.545746446442080924,658.143216724340959445,927.901258163906391019,867.399352413544875162,992.468367309072164062,963.309471370967116854,697.431802899019885444,909.816759523405380605,434.258502542747748976,775.121317155405222366,565.967389928218381101,437.526749975843017637,939.427520613809633687,665.301429021238163841,400.000000000000000000,928.645362206320442056,661.913341513762475188,554.887115599789694897,406.477453910658766745,983.982334222786903410,707.164260598045984807,589.086487851547644823,795.781483299645742591,856.672641268121765279,422.915516836923075061,663.154574915069702001,838.914842277788466163,806.862219761961341646,576.664440918541231440,648.921850609254192932,694.255109341140268953,401.242691943159854873,488.651474430351299816,717.437490935930327396,732.015295629518732312,829.099048024379158051,794.671613248384801409,902.262512447222434275,407.294855961698488045,0.205527994330262254,0.821295834846731521
0.002252095621271650,0.000832654712464847,0.008104344435352908,0.201215689327379155,0.620699071386388579,10.678463039589153993,596.465797767523099537,1000.000000000000000000,985.745722719551736191,411.162867919589587018,683.237401720646175818,944.403621982352319719,937.486913383238402275,940.758965855104747789,710.548755908338534937,763.358777505483317327,481.249381770469312869,407.587094573721856250,466.995216970276260327,465.109396587745550278,498.154572622701948603,825.261702134913662121,406.357486594953968506,606.188280253630523475,875.788549459198179648,817.963755467592932291,992.652407149036775991,944.219063079401280447,802.041175425656433617,908.748639595379472667,427.255598884501864632,866.584266980875781883,509.368056785603585013,417.229591324185150825,982.228220958651036199,545.626737043196499144,400.251998080557029880,982.953706466123662722,676.625004203491357657,431.833923550068845998,407.084104864585583528,991.512530137412682052,713.879949947520913156,552.455415431567644191,869.429827445570708733,858.809134909983868056,420.576793335781644601,453.161331710459194255,903.197311211706391987,762.329765332583406234,653.553803737946736874,699.571938369310146300,783.965388482717685292,403.594749273873901529,418.788699176688908210,754.406181498632804505,791.120508700646041689,917.703988205371842923,901.622310719844108462,901.221279672023456442,408.975165457401885760,0.211906449326718649,0.790372249852271835
0.005362792474155467,0.001104052488849695,0.009193709869424943,0.187715921769185001,0.651334628681905614,9.612842239168596592,732.685766899697227927,997.976328923888331701,982.139741354480861446,504.624081472898467382,866.113764987346939961,796.754448833641617966,910.240454306168999210,760.489986641968698677,661.071887641712237382,807.046468976166579523,591.174620636948134234,425.511282252156036066,525.672550968020459550,586.514953771726595733,577.283702111924299061,678.455442017386985754,409.408236769458369508,686.955698439584580228,913.176436338863368292,957.494482965229508409,997.986031557724686536,958.780756436695241973,634.784533938611161830,951.146250213922371586,423.894840978156139499,795.023987658827422820,616.310411038032611941,450.415063475769727575,901.463497091750468826,755.060748103788910157,400.285824947620369585,917.674615001350161947,617.712735180107642918,577.916872274810657473,408.575200083736831402,982.638602555441934783,665.697904807029544827,638.558856417686797613,800.541949223149117643,833.758665322319984625,475.520576314117761285,691.003090552011371983,838.601605666178215870,796.103150426550541852,512.557970580995856835,617.368356217622476834,614.993911677699998108,400.056638798110782318,507.165895642646319175,678.535644952228722104,693.807576849062343172,827.586208648755814465,699.009371302484169064,885.089022177857373208,406.944157527572826893,0.201984408221119738,0.851154921766477890
0.009037094575052716,0.001394004826024237,0.020311786853393347,0.253030023617019428,0.616178217633595260,12.204376339994873035,666.775347769448217150,999.560879480590301682,967.230149843435128787,532.092062874853809262,768.276317162158989049,785.321017939520061191,924.525412615430923324,709.098712150243159158,750.055018921340774796,792.224539097421143197,545.404907899091199397,400.480274694712932160,614.159233338174317396,614.461895982493956581,589.664642176978077259,630.440021957402223052,427.190150869790102206,709.577965172880112732,931.261161414319644791,889.327743610341599378,995.018584555559641558,971.596085168541435451,705.834227807910338015,905.808261913629394257,436.895809552265518505,686.019658427468812079,592.158389365017001182,444.727905324542803100,876.375722462100384291,683.353906200115034153,400.226580268416682884,902.067424616710013652,662.273936775148854395,615.500638419929373413,417.785914064526764378,967.543692561022680820,703.565964644961013619,596.308266663440804223,720.881050744144886266,896.273975446850272419,444.634421203073998186,724.895282975679037918,713.988202193723964228,792.315218098109312450,522.463305923111875018,642.355057889566410267,685.485322265410331966,400.000000000000000000,551.517659133574738917,707.505587192618804693,667.765527200032238397,750.759072392791722450,777.598992615334395850,858.219831029117813159,408.045826501258943608,0.169737774627923499,0.937262235152121481
0.003724005997144317,0.000744779490909407,0.006783179416384047,0.206251105562343079,0.684374738808992022,9.626564689302199440,681.411405687078627125,999.030523390013968310,980.647274736787153415,463.820817762613273771,797.487451110056667858,891.455223744958288989,928.080607577576188305,876.378629881380106781,653.609236768126493189,782.568531016969245684,541.843359036909191673,422.682627343470926462,475.893050082229535747,505.205740617711910545,539.360553123314730328,770.704490267933238101,403.151014779934996568,646.176072822384753636,871.394675708702493466,954.200855467208384653,998.532081380494105360,933.538219787931780047,713.881486265703756544,965.121405547262270375,421.428153242171504189,864.286703637271557454,575.023914560401635754,443.094230332477252432,933.388921398568868426,662.208748437787335206,400.000000000000000000,958.634401711100053944,623.450619597613126643,498.713886095772693352,405.520930723502488036,990.091129947094032104,676.911418122994632540,623.287750188459085621,872.736764018710232449,822.154296970800828603,470.799503246830056469,545.805879787561593730,886.318728246443356511,759.740299889876723682,566.363862506187274448,658.880108599527147817,668.601118975719714399,400.447710461475821830,460.287325225210963708,702.293852170569721238,733.998386081927492341,894.037676807838579407,784.000797479696188930,893.694898949997423188,404.570823713168579161,0.217930545712260781,0.805565550461377788
0.008362402929927563,0.004259165092020736,0.021235277310083976,0.250999355180974271,0.566192737363839460,12.633390805640811294,640.647291277815497779,999.255815427149741481,964.371700487060934393,497.294003839834317660,705.112039918772211422,797.723753846629165309,920.199631308069001534,761.837253085986048973,779.692775000788628859,786.691262578409123307,532.515464244723716547,400.000000000000000000,585.688546994134981105,599.182564531703974353,583.919566062992657862,657.884926077426143820,426.664362701912580178,689.510039341582228190,921.534237158734413242,836.443519455650061900,991.904200238831094794,973.539460361119949994,753.966428268522236067,917.757099033909639729,461.281656362294825158,690.690461527419643062,565.611627626607969432,432.509703894092922383,889.208975934985119238,617.669769927043830648,400.031447826282544611,908.825316752462640579,699.188320033219724792,578.277457728733907061,416.395163044310550049,965.083345279519903670,708.185327779045337593,547.197361220342486376,723.423989803666927401,907.530659257143042851,423.309927571434513993,618.506905391197733479,734.557721059242567208,781.154132255908962179,576.156910454212493278,671.955463824825415031,771.626924814164908639,401.723341977060499630,526.879100928365005529,728.990812007410568185,712.926874985827794262,774.245514773891045479,827.490188690836589558,839.595310569354069230,400.751592394662282004,0.170800850460666176,0.953769352481805721
0.001546888703074601,0.000523098218909532,0.000429786529408042,0.182953783261275316,0.672445075511959311,8.799683514869659717,712.832965053849306969,999.136761135098595332,996.862206005439020373,455.078474448784845663,842.462504163915582467,867.842926072643081170,926.356858943667702988,854.208977080151726113,637.175265812702832591,797.689651719013340880,576.073445585725721685,417.756163735766222089,482.323132512163397223,523.062957092685905991,554.770013534485883611,757.338552984138232205,402.704996903143580766,648.715583565149700007,885.048717119596858538,960.224593271612434364,999.001965884616311087,947.487320958587474706,668.341507293540644241,967.075666569552822693,420.169394273255079497,857.994252343034645492,592.011888701491898246,436.457149308455257142,945.216835711292901578,711.332720293017928270,400.115150812925037371,958.231815179517184333,623.489764557480611984,496.878578683750276923,400.000000000000000000,997.200118982092931219,669.038563937264143533,623.961947504937029407,872.841118018419592772,795.473729181209478156,455.990194853806315223,568.005664078339009393,909.700767756842310519,784.152180481423329184,557.425264696705539791,645.802359535670007062,647.802104026496863298,400.653106760282526011,455.783208753396081647,687.975874510681592255,726.512777434506460850,900.324564966840739544,747.019190973735476291,894.121912486896576411,401.527575077846734075,0.250885896527285657,0.626200807526866576
0.005396167949552152,0.000978461626265068,0.007124351276924278,0.205547847439317588,0.617257777753473791,10.807567287405607459,663.923422084210642424,998.083040208310762864,983.020850582887533164,451.541894067165003435,756.392256793282399485,864.475336773431763504,918.001131550623540534,834.326656694573330242,700.300385980378905515,789.538996441604012944,521.028977790579460816,414.118614383014801206,494.596777226830852214,538.485211116229947947,528.194347100037475684,730.878124810490135133,413.213401618526688708,646.483299277728633569,906.802056542183436250,888.252661532621687002,997.133296420615351963,948.794504422630666340,728.647557081872378149,913.739103620561650132,425.592240262170719234,817.917985205219338241,568.151328391113565885,452.264044577372885669,934.104771959520462588,636.678204422953967878,400.276322938822374908,932.739227466497709429,654.655593914167184266,509.285800163765316029,407.894223418318915719,985.349333534306992988,688.395093437436685235,595.690374252471087857,810.315844906973211437,870.579367004629943949,436.149468163580536384,590.155703375799703281,842.354840461696539933,772.694196265650930400,584.935067649808047463,667.598766266776237899,713.135387170352260000,401.152233666620475105,458.699709086108668998,722.096449276977637055,755.219729544497113238,855.428768387264767625,794.276247742904047300,897.700436877900756372,412.290442053664037303,0.194542877391920666,0.860164187835589900
0.002095983308430784,0.000827496303437624,0.011082151878584998,0.240526843474700491,0.653568716390574567,11.009533551000018292,552.339579940537305447,1000.000000000000000000,976.164789750709473992,400.000000000000000000,620.390326695743851815,1000.000000000000000000,950.046244346053981644,1000.000000000000000000,718.549054107850224682,747.276519403261545449,436.507823244535188678,403.038745426661307647,449.587452058663529897,407.806748618737515244,477.451377147614721252,886.213621759289253532,403.594760329074631500,586.926950442823113008,851.162075253650073137,812.678668642927618748,993.945571107367982222,928.077199694967021060,867.356073665333497047,909.786595613398844762,421.346868531213829101,893.306623605552317713,479.554476495813560177,409.645596294719780417,997.232337471150913188,473.447630604156302070,400.160071189831057836,1000.000000000000000000,686.955571162088403980,400.000000000000000000,410.247579167436356329,995.354937826551122271,735.574243001667696262,534.408356245294839937,920.177522718392538081,855.642369261496241961,423.750677083952723478,400.000000000000000000,909.666002370225896811,738.834105325874702430,681.167455877488464466,732.811315150179325428,826.897202709847533697,403.438158389760587852,400.000000000000000000,769.113898519154872702,802.655821483311228803,953.038337685517035425,970.146774379418388889,904.005313887926149619,409.459984663471743715,0.214032600992204114,0.816290400233878222
0.002034082956497216,0.000378433885234113,0.006224300848498005,0.245317613062879081,0.662396712468457438,10.382172533140572313,702.735367699881294357,1000.000000000000000000,963.370523765334155541,467.606502987809335536,771.294185219475480153,864.388995817425779933,923.166887741449954774,869.361975353756065488,700.282428327273123614,783.127314301235060157,545.099129214783260977,419.175768233378448713,493.515219342515933931,544.673823750939845922,557.296943216863837733,736.745403490644093836,405.060471336852401691,668.429241079509438350,898.915479688728623842,927.446363375593364253,1000.000000000000000000,934.453887958619475285,706.886805653545025052,964.432203041877528449,454.693430431524973301,807.626924989863141491,605.675624245878225338,442.495539504057205704,897.932963340663604868,664.031451683114369189,400.029957833348930762,983.752944370609043290,662.193742259727173405,490.959282376806015691,403.314068181982804617,996.069399269330460811,687.384691794142895560,612.118960934186929990,824.430388371181379625,845.000294733728651408,454.982188136642605514,513.608685504462300742,841.690979202171206452,773.625326718594351405,571.191015124263230973,674.560670306711244848,691.167567130840780010,403.589005068786548236,453.066352800217543972,690.648721584656300365,718.640273386113449305,867.690059080747346343,781.635234282566671027,849.526512088588560800,403.778662711992240020,0.240609496810772483,0.746592659097569000
0.008834038390943032,0.001518306432220250,0.012417034577175020,0.120929525073579833,0.599992991715606716,10.409484071396303051,752.598217771326289949,999.622012444468623471,991.505627756834883257,537.911654478617606401,925.418357183197826998,720.475854503851223853,902.524182900478990632,652.773555129664828200,664.263422947067851965,823.662186774158499247,604.677699622740760788,420.689142860522906631,538.539545749924627671,654.639888036904380897,570.796507509777143241,574.852745424775321226,403.911259628443872316,709.218034472718841243,949.182564613538261256,1000.000000000000000000,1000.000000000000000000,982.417009501904317403,580.581044062409546314,942.216170411353687086,400.000000000000000000,749.764655025736715288,629.330008108012975754,469.283006847331989775,902.323208740586323984,812.166483478465124790,400.301665937867198863,859.699910504525405486,593.036696516550364322,656.605799999856913018,412.278854870953296086,980.066898669627789786,643.107578926469273028,666.744678393229037283,724.405177370413298377,875.956369113977075358,461.968490437508592095,847.390530879118728080,788.753393937991404528,807.173152671888828991,467.702425805054531338,572.631026134702779018,558.377260773074112876,400.000000000000000000,529.916112952047114959,681.111655914649304577,693.111157222182328042,762.022847394396194431,644.948188808093277657,912.667914445210840313,408.045456493383596808,0.181431608788093501,0.890236647681314164
0.005755560524989645,0.001810272720981584,0.007676557749897895,0.145975462403112904,0.617401078486621180,10.304933671337710877,671.611128217417444830,1000.000000000000000000,989.794343359586264341,460.384381114487894138,797.772158153161285554,850.626773663099925216,918.786400952459302971,825.306992643707872048,672.185089913506317316,789.193945028597454439,534.430519601020250775,409.771862574868237061,473.832561271265717551,539.370963723176146232,517.648838261867240362,732.933547997033429056,403.352537116662404060,641.297926286483516378,897.608003654210733657,922.279612411247057935,999.388228688286176293,956.485879646091575523,706.469523042903688292,931.748141364665684705,407.653970922869120841,843.155609079977352849,557.654560874497292389,444.781282517718011604,954.123730930425381302,661.424794356140182572,400.004320906735131302,917.390688416095258617,631.128182246410460721,533.391297407634851879,409.447055222304015842,982.173797345300954476,672.432018551400460638,613.242067210903655905,814.473440551625003536,863.062280326994368806,446.477425439773526250,630.380842269438517178,874.746078767297262857,775.308185789366689278,576.535081290007724419,642.294850438981711704,678.272836653368472071,400.000000000000000000,465.417840596056009872,727.113091778446346325,764.138584438590214631,859.823462007325360901,781.114538383856597648,915.957022952414376959,409.791562340644588858,0.193834160170092140,0.860712861510415705
0.004283444782600187,0.001124416681043139,0.008596076028338662,0.203096156371272374,0.663580299136411700,10.146378853442167056,627.357648549258783532,999.460868169977175057,984.501225468945563080,423.975531489401532781,736.436935996350371170,933.903367719644620593,931.925658078884680435,912.984519367029633941,671.409058990184689719,771.346258457106955575,498.628000744907126318,415.118619014382204568,460.288476995019436799,469.705241977323339597,505.106521962984345464,810.320339770440341454,407.563805988893591348,617.769785856817406966,861.091979275084668188,899.147098211082379748,997.652439921480777230,931.719826276603612314,772.878754714107571999,935.907927056976973290,418.801382245383706504,882.827425560022561513,530.487051294980346938,438.331469050970781609,965.706473661458176139,590.548803485288431148,400.245506955204291444,957.955232786289798241,641.092029751909421975,459.180319048689966621,411.376356675766032822,988.011951340836048985,694.288532893716933359,592.804244475517634783,882.394496975962056240,838.967062168669940547,452.508125767459148392,485.833759972616235245,896.108982323218697275,747.708005547757693421,609.200646791984013362,682.833153619730637729,724.082142088625460019,401.137995523291067457,437.276972452131190039,733.233931066905256557,771.728143526590997681,908.428937312005132299,848.737645612952860574,911.345699695153712128,410.067239886589163689,0.200921332388377061,0.845599785588065589
0.013588463567859674,0.002433272211190381,0.022411504597159175,0.117093699730415376,0.533964878539650578,11.831678870055332808,729.387002527695585741,998.559483241179691504,989.919840370581823663,567.250879416174598191,898.211875974356530605,661.617016701029683645,891.924917988659103685,563.868064528402669566,707.497039368767104861,828.017713064502800080,601.036755669758804288,406.688153393518291523,580.569488324649569222,710.509080285898221518,587.140445486751900717,504.156415147970278667,407.869867037231870199,729.261822054255276271,971.169969063697635647,962.126196800284901656,998.724702893066478282,999.664353250732233391,589.393069985949864531,891.834717880818629965,400.000000000000000000,678.804238467802974810,615.831443203022331545,481.995738530158291724,875.835942059085255096,806.370403434880927307,400.283824709790906127,805.711523739723816107,606.257624611558867400,730.312956615599887300,423.028474911110777157,972.783573814593069073,650.859085982619262722,647.270831255282587335,626.368960455333990467,926.049385021743887592,446.208907840746633156,964.153869917380120569,704.007449329511814540,807.431785896486758247,449.923340075023361351,557.032981516821678269,584.539178831451863516,400.000000000000000000,567.105509495283854449,699.310424433190860327,691.578325318471229366,674.856479713502835693,641.570736400031591984,916.673782006908027142,416.589837422559128299,0.175761871013465631,0.944558798555549473
0.008846554035983780,0.001553353980961961,0.014686942164421526,0.150975396636264581,0.598283480735242401,10.741951221397325611,684.266142555264877956,999.642406718075676508,984.720490170868060886,493.613343093451248933,818.229284815202163372,800.430335711512270791,906.293709853564109835,760.529400918037254087,683.465081639945879033,801.151985086403556124,549.977478533101589164,409.660157597237514437,494.029547880891982459,586.642562814139409966,533.050787164948360441,675.504658107648765508,405.870861644782223721,665.065240144493259322,914.525314521888958552,930.465680914485119501,998.502399390800405854,962.406613780226166455,678.217614761459685724,914.886253016710043084,404.796518354765282766,806.889819616133991076,578.571055269080375183,456.352701888459705515,922.359924821273125417,695.200670846767593503,400.132188525409731028,889.638526565142228719,623.659507714742176177,585.277173132200005057,415.519961140493819585,983.627053440159556885,664.831930192997560880,622.348954337762847899,760.728145403513735801,885.279162414525217173,451.958626510223211881,713.503789564290968883,821.696005574984155828,773.508317135420497834,539.313747936179083808,623.464380975454332656,657.803523390165764795,400.227064668045500184,488.894966545463717011,714.459741553382400525,748.913120814987223639,808.664961180803402385,740.820940145204758664,910.722031682946635556,412.983449386975735251,0.178242381289865359,0.907048270847053417
0.007924841450176523,0.002490980180540403,0.015766350584962362,0.182836376071414702,0.610334751869325398,11.133663824857773506,665.318047931799014805,997.660073601162594059,982.659951920500702727,489.951205933891174027,792.513597339624993765,816.709016516913379746,917.758510747644322691,761.182216741855654618,700.036687202883285863,789.237784860999340708,539.717979895789312650,411.018514738514284090,537.129985431924637851,572.785391750300505009,550.202337373726436454,673.780184982520381709,411.575461541697961820,670.494455709553903944,909.749717954957077382,913.778025130586684099,996.612111220680617407,962.721382329709626902,700.483150802643990573,917.718100813992464282,411.562132980224475887,774.836276991127760994,567.360306806401240465,452.613981150352060467,921.906090482871150016,676.890569272849347726,400.180889719293872986,900.839087698347952937,633.863105677054022635,571.396668656227120664,413.399151193991826858,974.826344104251688805,684.170287374729127805,610.809006852793800135,773.088424200335566638,877.725421100637618110,446.873513914574914452,675.903912450908364917,800.998671818028469716,779.450156281477461562,549.452334892462431526,633.898575030059873825,671.646194493348389187,400.096398389734702050,503.769685409008388888,721.591069933890025823,722.244869558665868681,803.623805671334594081,771.940856851777652992,905.784928581658050462,411.348837312801038024,0.173635719347980166,0.922324704087716385
0.009516515464429401,0.003716435970806336,0.018065542387110781,0.166934212112333197,0.522014258274803966,12.472762560074819760,708.867514473706819444,991.821469045159574307,981.986396747525418505,531.506772514349790981,820.774457567727381502,724.083534117424278520,904.213331825442764966,645.238227625541185262,753.628334818681196339,807.336588382177069434,580.195168100739692818,403.433225091338272250,608.866821174495726154,668.269467727925189138,595.147694032769891237,540.184176509755957341,415.522388762744810720,718.705204041105048418,968.733494990056556162,872.258715937996271350,989.999266151361098309,996.947096083928499866,641.620282742669701292,881.395378822255565865,421.269567906831753135,647.593045690689109506,600.238920858524465984,463.418632760810055515,882.937396979204322633,743.180694991297627894,405.823165464569797223,870.073807770316761889,657.451719646532183106,644.176926518911727726,419.218068196140279724,967.021126009828890346,683.708156073063264557,601.618654570530566161,660.156649903339712182,925.143089596276922748,411.938765733617287879,799.167782347626825867,715.217188981227195654,826.303432080691777628,524.051863557489355117,603.321617480765098662,659.229825279893702827,404.638457744815184469,546.797762040853058352,717.864225298663768626,686.799738893381459093,717.363531341273983344,732.147023733499395348,882.762784337196876550,415.664410046855039127,0.170092133238837651,0.943170850432130781
0.008510626442120023,0.002090893148476417,0.013196975955329020,0.181935537470857750,0.524316739506852425,12.302086301040297656,698.411639149423194795,992.631821837318170765,981.108894370503207938,522.392127238672401290,789.366702909307832670,721.510455341026386122,910.958035730537062591,667.211759896980424855,770.126093307308565272,807.632105148544383155,562.114839386269864008,400.624530241081572512,599.584480631994438227,670.304244940038302047,577.789561716776006506,581.065641713180639272,425.137548953863131374,705.439059272265808431,977.087388811267373967,836.500615898923001623,994.143650670377724055,995.765150388669439963,666.451220860951821123,861.810614413941152634,422.658207150790815376,660.177425983380089747,604.041065966236260465,447.570944058406325894,888.835539643815536692,707.788966182937883787,400.488968275599233948,870.144424214886839763,679.386086037631571344,642.472631286797877692,411.782951853197971559,966.747795512095876802,690.930826883847657882,585.009718691925627354,651.125900501840987999,931.178161392848096511,405.271032172062177779,810.877850602662647361,725.303562119107027684,832.542884276972017688,554.405231746616209421,626.492593717487466165,695.126612695380913465,400.590236791100778646,548.418733530234817408,720.269141233219670539,706.288954313105932670,731.645904348805515838,745.429193526892049704,867.568435614569921199,411.509474965034087290,0.173635719347980166,0.923696381983064252
0.000000000000000000,0.000264672495169113,0.001836296359127813,0.246048809376604949,0.727260553115832487,8.868363148662268713,703.128812577362623415,999.131265875504368523,980.944012699639984021,471.857219903423356300,811.497558776440541806,901.865682176644099854,934.474485194299859359,891.536722743222071585,641.321583944809958666,783.292426514846511054,571.402515092214684955,429.041560236250461458,495.963984199136973530,493.198013484472369328,562.374066588297068847,797.087618265509036064,407.554463408098456512,653.191389322351028568,863.252361291700822221,949.117530805730666543,995.755372733912395233,934.825329883717017765,694.883674938667354581,987.036940521946803528,449.328340964902110954,859.941122968199465504,601.228536237357161554,429.106011722074413228,928.143611425223298284,688.348463047270797688,400.304266876515384865,993.961317437742536640,632.899968181061581163,476.910397593636503188,404.322184036885289515,987.223800766530757755,684.564902431110112957,626.047869614596493193,910.518796890162434465,776.291271847814186913,475.258108460716925947,507.208330045719776535,902.463753626880929914,772.083141082648580777,557.590576714490111954,669.101027359806835193,657.904568842201001644,401.985555359073089221,464.303742480941536996,679.005941731905295455,702.886555680898027276,921.014244571861240729,771.559269769006050410,865.835132365561776169,400.000000000000000000,0.731041814316087946,0.546254834335445083
0.004820464313557224,0.001911159731731748,0.010750728508874404,0.152807866766545730,0.666400598225810770,9.781395429735137981,667.462995029966691618,998.594192224515154521,971.614779015249268923,432.125344288546102689,770.968409606522982358,916.450991583036739030,921.792418332350280252,945.406265352469745267,649.830094317079897337,785.169115671166991888,499.771024405538980773,421.886306484792328320,400.000000000000000000,482.134367949848183343,463.951017404923845788,829.301239312372103996,400.000000000000000000,609.441962948311925174,860.152334481181810588,933.200694421430512193,999.226816502891210803,930.718109026276010809,755.259384757473640093,944.903180652822925367,411.199707421343816804,935.634794611032248213,556.742368885657469946,437.820737771418862394,972.444487196931049766,601.105752492871602044,400.528147820193055395,946.352453753873533060,621.128638308852373484,462.013131186007683482,408.484641300017756294,983.961865400283954841,654.551085735098013174,622.697094208573616925,874.427452980075941014,857.253806656486403881,471.759254995604123906,502.241900405096544091,928.544818813877213870,737.297396103204391693,614.077790995414829922,679.610394846197664265,699.752423629452437126,400.427954656897895802,422.113334420577984929,728.478352902187452855,812.396285588441401160,936.158732745804059050,815.415931066926532367,905.651657952976279375,406.028376651794133068,0.201630049610205475,0.860385946714432248
0.002052102486676697,0.000623856227262580,0.006110510542704534,0.170508118369153167,0.698068236895460714,8.623362296498347845,681.539032376639283939,997.537534186029006378,996.316417512108841947,468.268551608254938401,858.415614678264887516,878.721520842898371484,928.551521105793995048,837.202959358863836314,617.385566069736682948,786.304813829037016149,564.113511495746706714,422.329612654477330125,487.356561310906954532,505.548748863831747258,555.162079137489627101,756.374928872661257628,400.524010692109129650,649.278801398696487013,872.959343813732289163,981.050630091315838399,997.616964877889245145,947.480407660206651599,666.307873635273836044,984.969433524129044599,411.344679696507512290,867.101620302433730103,565.984699591666526430,433.465854891459287046,951.331997954986945842,722.544267279890846112,400.369025747083185252,955.383022555447269042,592.957556763089314700,508.326248855159462892,406.460154656860538580,995.440684141165661458,677.653658199035476173,636.315133340463830791,891.369694724122382468,788.072648047959319229,473.183317765045842407,589.234647919958092643,909.559283723020485013,777.960970625591698990,532.132284097769343134,622.299209246781629190,607.623115911645868437,400.654291562806349702,454.443307607385690972,691.247656389873100125,706.490453968050019284,889.525543300577510308,753.716793380620970311,930.596639173335120176,404.725757968906975748,0.237420269312544341,0.697734385913248989
0.006109663642398859,0.001581596177160611,0.014316600311109132,0.189710580306221399,0.614575750916164676,10.960953544772102930,621.712826574329369578,999.332003219291209462,986.618407037776592006,448.841269749905052322,745.741186361433392449,878.304171393728893236,927.848059954976633890,835.089670032894218821,701.310620268784759901,779.555623470263185482,511.798280360519072474,405.405483870392004064,508.633779614412162573,523.063511915836784283,526.435594965412178681,743.168568490076268063,401.705469907847827926,640.650210662649669757,893.059022221640702810,877.420425944977182553,996.929578406857103801,958.785401752560687783,747.715417486435740102,909.633542112870600249,407.007154081093176501,813.181342017786846554,531.177085612448649954,434.696890648335397600,955.495055741036253494,619.482584330431450326,400.107821653465180134,933.960271092105472235,646.538128950603436351,498.601166440033352956,415.510525653193099060,984.606614898511224965,701.104158753303408957,582.323727133724787564,817.239510800190146256,867.696802834745540167,433.190903619054552109,566.398300307663703279,840.022339046383194727,771.872260662124745068,588.577686663157464864,655.294661439889864596,718.242424530399375726,402.062106481352657283,455.886900336938197142,741.237868208049576424,749.183552301067379631,848.078238085762563969,834.800094229706132865,915.057578254927420858,412.983780949936601701,0.186038270729978694,0.897354888562655328
0.006389532285415623,0.001224255161219566,0.013666864183219496,0.178618310006427167,0.557750480395376447,11.911178035545880505,632.849658089896138335,999.245053495348201977,983.215079012042224349,465.024811845946032918,743.163414097067516195,817.969552147079866700,921.322495710305815919,772.858050302585070312,746.118638925717732491,785.361583902566735560,517.768524394270457378,400.000000000000000000,543.197497031640409659,582.731688930694190276,541.967918548763918807,670.524053739003306873,408.447513658489469890,665.143552404079173357,939.561255838962665621,832.782113811109752533,993.398313322415560833,979.289738566446544610,722.677394725772728634,880.792334638206625641,414.071369592954908967,741.601770602289775525,544.929819364964487249,434.573760582819886622,933.617716874547568295,642.443983921488666056,400.372629991252551918,921.277425612634488061,668.121558883040506771,546.654942838475790268,415.380775406001816918,985.274640610467258739,709.706276762911556943,572.017169117829780589,743.147488762699367726,911.726862250490967199,409.452144045698616992,656.225149322172228494,791.888758551861656088,802.532950278008343048,581.575177382758852218,640.040684156669613003,720.321636895628557795,402.873292569300076593,474.210143675397148399,744.420878413917080252,736.672129033640430862,797.949823380758857638,819.824199927428935553,907.551155967362433330,415.355549056107918204,0.177533664068036834,0.895967943240622455
0.004958156338469088,0.000984001914885370,0.009591247263931811,0.221788911853068288,0.673893110511138427,9.225505139194988047,741.893635377714304013,996.952182660761877742,980.767546374907055906,468.946360022073690743,814.011912719273482253,846.819984820691047389,909.974751826548754252,861.659377464695012350,650.201834555049344999,805.679032124950026628,560.446525827873188064,419.878683714869339383,478.934244579453093138,545.028561428038528902,533.100971708084443890,737.313930359558753480,432.877663753172612360,649.858062031887698140,894.326847520562182581,928.659480840134278878,992.627479200385550939,929.547204325812913339,682.903142765025222616,949.020249699412147493,462.518360715020548923,860.682456003725064875,636.268159211042416246,454.862687058491815151,913.074349005413864688,679.461225807034111313,400.000000000000000000,935.705443854961004035,635.783264545897509379,536.922442856818179280,403.754454064116430345,986.032790436453979055,659.629668027491902649,636.494118555326167552,851.272968282573174292,824.510949964581527638,475.398398587431870510,604.949857011041103760,882.535740074415230083,778.478174987607076218,577.543671237925991591,678.249856275515980997,665.208063267858506151,400.000000000000000000,495.622754851152194533,677.509858409960202152,759.928773291716083804,886.256432909581121748,722.400386663465837955,864.580461521712777540,401.418969988927244685,0.209071580439404658,0.850152840150207867
0.002458238028139831,0.000898348296159467,0.006896917886332569,0.186201010956575097,0.663809414236703144,9.619210925214909835,681.337224545802087050,998.733073848041840392,985.810760851540749172,458.611689869612007442,804.239106888857349986,879.308835426207224373,925.673800948483062712,862.135710480813827417,660.387899161329073650,785.635853117590954753,535.772320050738812824,418.987290649773569839,480.683050268848433006,514.609209207612593673,531.570394160584555721,757.114950760842248201,403.081723341941653871,644.885537222147149805,891.069131436382576794,922.045204930074305594,998.268344302951049940,949.734517672221500106,702.508515336095229031,950.428993855033922955,414.447127824316396527,851.253035483345001921,574.786061881131786322,434.500441012272688113,943.273826274347698018,671.416506042365313078,400.630244491984740307,959.715004255950361767,625.271344630637486262,497.520208639421241514,404.983779205775647370,987.753928520152499004,679.527286112280648922,619.933160566951642068,864.014714091577502586,831.436832493303995761,454.723717840923598033,562.679903056117723281,891.581529944361136586,780.345485045952841574,575.097204298648193799,653.415121974919543391,660.348852417373450407,401.065332775042008961,456.970782637436798268,707.351213816429890358,735.712415275689295413,892.243719567975858808,782.195261633125369372,908.625481851362110319,405.675954790979687914,0.219702338766831984,0.771236446765917960
0.002723503666670032,0.000831568744983616,0.009457321304431868,0.224845904706426181,0.704380120635553997,9.282609740785408903,717.790607022921108182,997.371135921291624982,971.740808181354736917,492.086366431306828417,837.574491521768322855,855.979077835214866354,923.405112219783859473,850.483618122359075642,651.901765797684447534,791.857856239027682932,574.056934663712354450,427.528518127926588477,505.823942011946201092,533.375174853508383421,568.657983082918008222,743.830147895743948538,407.772686181598430721,673.249224875146296654,877.766404524032054724,959.112338747509397763,997.504648087764280717,939.567891010250605177,676.790793936412910625,976.069364284444759505,435.046941213316813446,832.333511888536236256,613.531233399490588454,442.827588018575340811,900.552130914939198192,717.113881224618125998,400.699606833882285173,959.285004039490331706,616.842562230585826910,524.281350606531191261,406.927663607559964021,984.241426082405951092,665.275693432315961218,641.153756007255879013,855.547081137429131559,810.202207698352594889,484.533237433363410673,582.457052756702751140,867.568896781435341836,776.227262772255130585,537.581614565547738493,647.777334134910688590,628.118345449833668681,401.708776091965830801,486.086436316490676290,678.794016554926542995,692.745975148293041457,879.377417714143916783,735.433890340824063969,868.026862033198653990,404.253519990524523564,0.224309000708717177,0.798882337006472376
0.002993324294953092,0.001026292484940094,0.009090235981247231,0.188692806303475624,0.669790501042821895,9.671167204903650116,651.496492801942622464,997.649049289193158074,978.852352507400382819,416.653440696959705747,750.731706268131233628,938.523708229593239594,927.159577808517497033,950.273137705052022284,658.666254427895410117,781.356334330422896528,504.756020088983802907,420.474715095978410773,425.163124802846709827,464.048689042245996461,491.381804672885323271,834.550525302593996457,406.690916639297256552,609.896321153855865305,861.279625707986838279,901.218895529217888907,996.221750186313556696,935.639601711175828314,761.670697812870230337,935.399846568956718329,433.972399481662591825,915.883010759249827970,548.139242116609125333,428.936537999412109912,972.783080641253832255,597.702417059924869136,400.959747030312655625,975.804418231569343334,640.423566650788188781,427.361300276409053822,405.136112505726657673,994.096687235419267381,676.210200147166005991,597.960273328448693064,904.111822018856855721,834.751990435854281714,456.536093661100721874,445.785410769912687101,929.246302685126352117,746.044499255720097608,617.320444607594936315,690.692473910693138350,722.112717453706181914,402.107925095353380129,411.385629714586116279,724.498510345307408897,787.698101085769962992,944.842691827951398409,833.823356555417490199,900.824161972378078644,404.522332386551852323,0.218284904323175044,0.805760246256572277
